,createdateandtime,id,name,sal,age,doj,Unnamed: 6,Unnamed: 7
0,2016-01-02,6,name6,45689,24,1990-01-01,,
1,2016-01-03,7,name7,45690,24,1990-02-02,,
2,2016-01-04,8,name8,45691,25,1990-03-06,,
3,2016-01-05,9,name9,45692,25,1990-04-07,,
4,2016-01-06,10,name10,45693,26,1990-05-09,,
5,2016-01-07,11,name11,45694,26,1990-06-10,,
6,2016-01-08,12,name12,45695,25,1990-07-12,,
7,2016-01-09,13,name13,45696,25,1990-08-13,,
8,2016-01-10,14,name14,45697,26,1990-09-14,,
9,2016-01-11,15,name15,45698,26,1990-10-16,,
10,2016-01-12,16,name16,45699,27,1990-11-17,,
11,2016-01-13,17,name17,45700,27,1990-12-19,,
12,2016-01-14,18,name18,45701,26,1991-01-20,,
13,2016-01-15,19,name19,45702,26,1991-02-21,,
14,2016-01-16,20,name20,45703,27,1991-03-25,,
15,2016-01-17,21,name21,45704,27,1991-04-26,,
16,2016-01-18,22,name22,45705,28,1991-05-28,,
17,2016-01-19,23,name23,45706,28,1991-06-29,,
18,2016-01-20,24,name24,45707,27,1991-07-31,,
19,2016-01-21,25,name25,45708,27,1991-09-01,,
20,2016-01-22,26,name26,45709,28,1991-10-03,,
21,2016-01-23,27,name27,45710,28,1991-11-04,,
22,2016-01-24,28,name28,45711,29,1991-12-06,,
23,2016-01-25,29,name29,45712,29,1992-01-07,,
24,2016-01-26,30,name30,45713,28,1992-02-08,,
25,2016-01-27,31,name31,45714,28,1992-03-11,,
